INSERT INTO hms.user (id, username, password, role) VALUES (1, ' ', ' ', ' ');
INSERT INTO hms.user (id, username, password, role) VALUES (2, 'a', '$2a$10$B.SQu98KfHrJ13WaSwcQ.OTRYRb5Axa8emaksKZbfdOqjcAWX9Da2', 'admin');
INSERT INTO hms.user (id, username, password, role) VALUES (3, 'lisi', '$2a$10$B.SQu98KfHrJ13WaSwcQ.OTRYRb5Axa8emaksKZbfdOqjcAWX9Da2', 'admin');
INSERT INTO hms.user (id, username, password, role) VALUES (4, 'wangwu', '$2a$10$B.SQu98KfHrJ13WaSwcQ.OTRYRb5Axa8emaksKZbfdOqjcAWX9Da2', 'admin');
INSERT INTO hms.user (id, username, password, role) VALUES (5, 'caocao', '$2a$10$B.SQu98KfHrJ13WaSwcQ.OTRYRb5Axa8emaksKZbfdOqjcAWX9Da2', 'teacher');
INSERT INTO hms.user (id, username, password, role) VALUES (6, 'liubei', '$2a$10$B.SQu98KfHrJ13WaSwcQ.OTRYRb5Axa8emaksKZbfdOqjcAWX9Da2', 'teacher');
INSERT INTO hms.user (id, username, password, role) VALUES (7, 'sunquan', '$2a$10$B.SQu98KfHrJ13WaSwcQ.OTRYRb5Axa8emaksKZbfdOqjcAWX9Da2', 'teacher');
INSERT INTO hms.user (id, username, password, role) VALUES (8, 'xiahouyuan', '$2a$10$B.SQu98KfHrJ13WaSwcQ.OTRYRb5Axa8emaksKZbfdOqjcAWX9Da2', 'student');
INSERT INTO hms.user (id, username, password, role) VALUES (9, 'xiahoudun', '$2a$10$B.SQu98KfHrJ13WaSwcQ.OTRYRb5Axa8emaksKZbfdOqjcAWX9Da2', 'student');
INSERT INTO hms.user (id, username, password, role) VALUES (10, 'xuzhu', '$2a$10$B.SQu98KfHrJ13WaSwcQ.OTRYRb5Axa8emaksKZbfdOqjcAWX9Da2', 'student');
INSERT INTO hms.user (id, username, password, role) VALUES (11, 'zhangliao', '$2a$10$B.SQu98KfHrJ13WaSwcQ.OTRYRb5Axa8emaksKZbfdOqjcAWX9Da2', 'student');
INSERT INTO hms.user (id, username, password, role) VALUES (12, 'dianwei', '$2a$10$B.SQu98KfHrJ13WaSwcQ.OTRYRb5Axa8emaksKZbfdOqjcAWX9Da2', 'student');
INSERT INTO hms.user (id, username, password, role) VALUES (13, 'guojia', '$2a$10$B.SQu98KfHrJ13WaSwcQ.OTRYRb5Axa8emaksKZbfdOqjcAWX9Da2', 'student');
INSERT INTO hms.user (id, username, password, role) VALUES (14, 'xunyou', '$2a$10$B.SQu98KfHrJ13WaSwcQ.OTRYRb5Axa8emaksKZbfdOqjcAWX9Da2', 'student');
INSERT INTO hms.user (id, username, password, role) VALUES (15, 'sima yi', '$2a$10$B.SQu98KfHrJ13WaSwcQ.OTRYRb5Axa8emaksKZbfdOqjcAWX9Da2', 'student');
INSERT INTO hms.user (id, username, password, role) VALUES (16, 'caopi', '$2a$10$B.SQu98KfHrJ13WaSwcQ.OTRYRb5Axa8emaksKZbfdOqjcAWX9Da2', 'student');
INSERT INTO hms.user (id, username, password, role) VALUES (17, 'caoren', '$2a$10$B.SQu98KfHrJ13WaSwcQ.OTRYRb5Axa8emaksKZbfdOqjcAWX9Da2', 'student');
INSERT INTO hms.user (id, username, password, role) VALUES (18, 'guanyu', '$2a$10$B.SQu98KfHrJ13WaSwcQ.OTRYRb5Axa8emaksKZbfdOqjcAWX9Da2', 'student');
INSERT INTO hms.user (id, username, password, role) VALUES (19, 'zhangfei', '$2a$10$B.SQu98KfHrJ13WaSwcQ.OTRYRb5Axa8emaksKZbfdOqjcAWX9Da2', 'student');
INSERT INTO hms.user (id, username, password, role) VALUES (20, 'zhaoyun', '$2a$10$B.SQu98KfHrJ13WaSwcQ.OTRYRb5Axa8emaksKZbfdOqjcAWX9Da2', 'student');
INSERT INTO hms.user (id, username, password, role) VALUES (21, 'machao', '$2a$10$B.SQu98KfHrJ13WaSwcQ.OTRYRb5Axa8emaksKZbfdOqjcAWX9Da2', 'student');
INSERT INTO hms.user (id, username, password, role) VALUES (22, 'huangzhong', '$2a$10$B.SQu98KfHrJ13WaSwcQ.OTRYRb5Axa8emaksKZbfdOqjcAWX9Da2', 'student');
INSERT INTO hms.user (id, username, password, role) VALUES (23, 'zhugeliang', '$2a$10$B.SQu98KfHrJ13WaSwcQ.OTRYRb5Axa8emaksKZbfdOqjcAWX9Da2', 'student');
INSERT INTO hms.user (id, username, password, role) VALUES (24, 'jiangwei', '$2a$10$B.SQu98KfHrJ13WaSwcQ.OTRYRb5Axa8emaksKZbfdOqjcAWX9Da2', 'student');
INSERT INTO hms.user (id, username, password, role) VALUES (25, 'weiyan', '$2a$10$B.SQu98KfHrJ13WaSwcQ.OTRYRb5Axa8emaksKZbfdOqjcAWX9Da2', 'student');
INSERT INTO hms.user (id, username, password, role) VALUES (26, 'maliang', '$2a$10$B.SQu98KfHrJ13WaSwcQ.OTRYRb5Axa8emaksKZbfdOqjcAWX9Da2', 'student');
INSERT INTO hms.user (id, username, password, role) VALUES (27, 'zhangyi', '$2a$10$B.SQu98KfHrJ13WaSwcQ.OTRYRb5Axa8emaksKZbfdOqjcAWX9Da2', 'student');
INSERT INTO hms.user (id, username, password, role) VALUES (28, 'sunce', '$2a$10$B.SQu98KfHrJ13WaSwcQ.OTRYRb5Axa8emaksKZbfdOqjcAWX9Da2', 'student');
INSERT INTO hms.user (id, username, password, role) VALUES (29, 'zhouyu', '$2a$10$B.SQu98KfHrJ13WaSwcQ.OTRYRb5Axa8emaksKZbfdOqjcAWX9Da2', 'student');
INSERT INTO hms.user (id, username, password, role) VALUES (30, 'lvmeng', '$2a$10$B.SQu98KfHrJ13WaSwcQ.OTRYRb5Axa8emaksKZbfdOqjcAWX9Da2', 'student');
INSERT INTO hms.user (id, username, password, role) VALUES (31, 'luxun', '$2a$10$B.SQu98KfHrJ13WaSwcQ.OTRYRb5Axa8emaksKZbfdOqjcAWX9Da2', 'student');
INSERT INTO hms.user (id, username, password, role) VALUES (32, 'ganning', '$2a$10$B.SQu98KfHrJ13WaSwcQ.OTRYRb5Axa8emaksKZbfdOqjcAWX9Da2', 'student');
INSERT INTO hms.user (id, username, password, role) VALUES (33, 'taishici', '$2a$10$B.SQu98KfHrJ13WaSwcQ.OTRYRb5Axa8emaksKZbfdOqjcAWX9Da2', 'student');
INSERT INTO hms.user (id, username, password, role) VALUES (34, 'huanggai', '$2a$10$B.SQu98KfHrJ13WaSwcQ.OTRYRb5Axa8emaksKZbfdOqjcAWX9Da2', 'student');
INSERT INTO hms.user (id, username, password, role) VALUES (35, 'lusu', '$2a$10$B.SQu98KfHrJ13WaSwcQ.OTRYRb5Axa8emaksKZbfdOqjcAWX9Da2', 'student');
INSERT INTO hms.user (id, username, password, role) VALUES (36, 'zhangzhao', '$2a$10$B.SQu98KfHrJ13WaSwcQ.OTRYRb5Axa8emaksKZbfdOqjcAWX9Da2', 'student');
INSERT INTO hms.user (id, username, password, role) VALUES (37, 'zhugejin', '$2a$10$B.SQu98KfHrJ13WaSwcQ.OTRYRb5Axa8emaksKZbfdOqjcAWX9Da2', 'student');

INSERT INTO hms.admin (id, user_id, no, name) VALUES (1, 2, 'a1', '管理员张三');
INSERT INTO hms.admin (id, user_id, no, name) VALUES (2, 3, 'a2', '管理员李四');
INSERT INTO hms.admin (id, user_id, no, name) VALUES (3, 4, 'a3', '管理员王五');

INSERT INTO hms.teacher (id, user_id, no, name) VALUES (1, 5, 't1', '教师曹操');
INSERT INTO hms.teacher (id, user_id, no, name) VALUES (2, 6, 't2', '教师刘备');
INSERT INTO hms.teacher (id, user_id, no, name) VALUES (3, 7, 't3', '教师孙权');

INSERT INTO hms.student (id, user_id, no, name) VALUES (1, 1, 's1', '夏侯渊');
INSERT INTO hms.student (id, user_id, no, name) VALUES (2, 1, 's2', '夏侯惇');
INSERT INTO hms.student (id, user_id, no, name) VALUES (3, 1, 's3', '许褚');
INSERT INTO hms.student (id, user_id, no, name) VALUES (4, 1, 's4', '张辽');
INSERT INTO hms.student (id, user_id, no, name) VALUES (5, 1, 's5', '典韦');
INSERT INTO hms.student (id, user_id, no, name) VALUES (6, 1, 's6', '郭嘉');
INSERT INTO hms.student (id, user_id, no, name) VALUES (7, 1, 's7', '荀攸');
INSERT INTO hms.student (id, user_id, no, name) VALUES (8, 1, 's8', '司马懿');
INSERT INTO hms.student (id, user_id, no, name) VALUES (9, 1, 's9', '曹丕');
INSERT INTO hms.student (id, user_id, no, name) VALUES (10, 1, 's10', '曹仁');
INSERT INTO hms.student (id, user_id, no, name) VALUES (11, 1, 's11', '关羽');
INSERT INTO hms.student (id, user_id, no, name) VALUES (12, 1, 's12', '张飞');
INSERT INTO hms.student (id, user_id, no, name) VALUES (13, 1, 's13', '赵云');
INSERT INTO hms.student (id, user_id, no, name) VALUES (14, 1, 's14', '马超');
INSERT INTO hms.student (id, user_id, no, name) VALUES (15, 1, 's15', '黄忠');
INSERT INTO hms.student (id, user_id, no, name) VALUES (16, 1, 's16', '诸葛亮');
INSERT INTO hms.student (id, user_id, no, name) VALUES (17, 1, 's17', '姜维');
INSERT INTO hms.student (id, user_id, no, name) VALUES (18, 1, 's18', '魏延');
INSERT INTO hms.student (id, user_id, no, name) VALUES (19, 1, 's19', '马良');
INSERT INTO hms.student (id, user_id, no, name) VALUES (20, 1, 's20', '张翼');
INSERT INTO hms.student (id, user_id, no, name) VALUES (21, 1, 's21', '孙策');
INSERT INTO hms.student (id, user_id, no, name) VALUES (22, 1, 's22', '周瑜');
INSERT INTO hms.student (id, user_id, no, name) VALUES (23, 1, 's23', '吕蒙');
INSERT INTO hms.student (id, user_id, no, name) VALUES (24, 1, 's24', '陆逊');
INSERT INTO hms.student (id, user_id, no, name) VALUES (25, 1, 's25', '甘宁');
INSERT INTO hms.student (id, user_id, no, name) VALUES (26, 1, 's26', '太史慈');
INSERT INTO hms.student (id, user_id, no, name) VALUES (27, 1, 's27', '黄盖');
INSERT INTO hms.student (id, user_id, no, name) VALUES (28, 1, 's28', '鲁肃');
INSERT INTO hms.student (id, user_id, no, name) VALUES (29, 1, 's29', '张昭');
INSERT INTO hms.student (id, user_id, no, name) VALUES (30, 1, 's30', '诸葛瑾');

INSERT INTO hms.course_type (id, title) VALUES (1, '公共必修课');
INSERT INTO hms.course_type (id, title) VALUES (2, '专业必修课');
INSERT INTO hms.course_type (id, title) VALUES (3, '专业选修课');
INSERT INTO hms.course_type (id, title) VALUES (4, '通识选修课');

INSERT INTO hms.course (id, course_type_id, no, title, teacher_id, detail) VALUES (1, 1, '1f7ba2', '高等数学', 1, null);
INSERT INTO hms.course (id, course_type_id, no, title, teacher_id, detail) VALUES (2, 1, '1f7ba3', '高等数学', 2, null);
INSERT INTO hms.course (id, course_type_id, no, title, teacher_id, detail) VALUES (3, 1, '1f7ba4', '高等数学', 3, null);
INSERT INTO hms.course (id, course_type_id, no, title, teacher_id, detail) VALUES (4, 1, 'ecb81a', '线性代数', 2, null);
INSERT INTO hms.course (id, course_type_id, no, title, teacher_id, detail) VALUES (5, 1, '7z2k51', '概率论与数理统计', 3, null);
INSERT INTO hms.course (id, course_type_id, no, title, teacher_id, detail) VALUES (6, 2, 'be5c48', '数据结构', 1, null);
INSERT INTO hms.course (id, course_type_id, no, title, teacher_id, detail) VALUES (7, 2, '8dc140', '操作系统', 1, null);
INSERT INTO hms.course (id, course_type_id, no, title, teacher_id, detail) VALUES (8, 2, '221c4e', '计算机网络', 1, null);
INSERT INTO hms.course (id, course_type_id, no, title, teacher_id, detail) VALUES (9, 3, 'd5874d', 'C++', 2, null);
INSERT INTO hms.course (id, course_type_id, no, title, teacher_id, detail) VALUES (10, 3, '7292eb', 'Java', 2, null);
INSERT INTO hms.course (id, course_type_id, no, title, teacher_id, detail) VALUES (11, 3, 'd9905e', 'Python', 3, null);
INSERT INTO hms.course (id, course_type_id, no, title, teacher_id, detail) VALUES (12, 4, '907b75', '人文社科', 2, null);
INSERT INTO hms.course (id, course_type_id, no, title, teacher_id, detail) VALUES (13, 4, '0tc2d3', '社会科学', 3, null);
INSERT INTO hms.course (id, course_type_id, no, title, teacher_id, detail) VALUES (14, 4, '1e143c', '自然科学', 3, null);

INSERT INTO hms.course_selection (id, course_id, teacher_id, student_id, create_time) VALUES (1, 1, 1, 1, '1970-01-01 00:00:00');
INSERT INTO hms.course_selection (id, course_id, teacher_id, student_id, create_time) VALUES (2, 1, 1, 2, '1970-01-01 00:00:00');
INSERT INTO hms.course_selection (id, course_id, teacher_id, student_id, create_time) VALUES (3, 1, 1, 3, '1970-01-01 00:00:00');
INSERT INTO hms.course_selection (id, course_id, teacher_id, student_id, create_time) VALUES (4, 1, 1, 4, '1970-01-01 00:00:00');
INSERT INTO hms.course_selection (id, course_id, teacher_id, student_id, create_time) VALUES (5, 1, 1, 5, '1970-01-01 00:00:00');
INSERT INTO hms.course_selection (id, course_id, teacher_id, student_id, create_time) VALUES (6, 1, 1, 6, '1970-01-01 00:00:00');
INSERT INTO hms.course_selection (id, course_id, teacher_id, student_id, create_time) VALUES (7, 1, 1, 7, '1970-01-01 00:00:00');
INSERT INTO hms.course_selection (id, course_id, teacher_id, student_id, create_time) VALUES (8, 1, 1, 8, '1970-01-01 00:00:00');
INSERT INTO hms.course_selection (id, course_id, teacher_id, student_id, create_time) VALUES (9, 1, 1, 9, '1970-01-01 00:00:00');
INSERT INTO hms.course_selection (id, course_id, teacher_id, student_id, create_time) VALUES (10, 1, 1, 10, '1970-01-01 00:00:00');
INSERT INTO hms.course_selection (id, course_id, teacher_id, student_id, create_time) VALUES (11, 2, 2, 11, '1970-01-01 00:00:00');
INSERT INTO hms.course_selection (id, course_id, teacher_id, student_id, create_time) VALUES (12, 2, 2, 12, '1970-01-01 00:00:00');
INSERT INTO hms.course_selection (id, course_id, teacher_id, student_id, create_time) VALUES (13, 2, 2, 13, '1970-01-01 00:00:00');
INSERT INTO hms.course_selection (id, course_id, teacher_id, student_id, create_time) VALUES (14, 2, 2, 14, '1970-01-01 00:00:00');
INSERT INTO hms.course_selection (id, course_id, teacher_id, student_id, create_time) VALUES (15, 2, 2, 15, '1970-01-01 00:00:00');
INSERT INTO hms.course_selection (id, course_id, teacher_id, student_id, create_time) VALUES (16, 2, 2, 16, '1970-01-01 00:00:00');
INSERT INTO hms.course_selection (id, course_id, teacher_id, student_id, create_time) VALUES (17, 2, 2, 17, '1970-01-01 00:00:00');
INSERT INTO hms.course_selection (id, course_id, teacher_id, student_id, create_time) VALUES (18, 2, 2, 18, '1970-01-01 00:00:00');
INSERT INTO hms.course_selection (id, course_id, teacher_id, student_id, create_time) VALUES (19, 2, 2, 19, '1970-01-01 00:00:00');
INSERT INTO hms.course_selection (id, course_id, teacher_id, student_id, create_time) VALUES (20, 2, 2, 20, '1970-01-01 00:00:00');
INSERT INTO hms.course_selection (id, course_id, teacher_id, student_id, create_time) VALUES (21, 3, 3, 21, '1970-01-01 00:00:00');
INSERT INTO hms.course_selection (id, course_id, teacher_id, student_id, create_time) VALUES (22, 3, 3, 22, '1970-01-01 00:00:00');
INSERT INTO hms.course_selection (id, course_id, teacher_id, student_id, create_time) VALUES (23, 3, 3, 23, '1970-01-01 00:00:00');
INSERT INTO hms.course_selection (id, course_id, teacher_id, student_id, create_time) VALUES (24, 3, 3, 24, '1970-01-01 00:00:00');
INSERT INTO hms.course_selection (id, course_id, teacher_id, student_id, create_time) VALUES (25, 3, 3, 25, '1970-01-01 00:00:00');
INSERT INTO hms.course_selection (id, course_id, teacher_id, student_id, create_time) VALUES (26, 3, 3, 26, '1970-01-01 00:00:00');
INSERT INTO hms.course_selection (id, course_id, teacher_id, student_id, create_time) VALUES (27, 3, 3, 27, '1970-01-01 00:00:00');
INSERT INTO hms.course_selection (id, course_id, teacher_id, student_id, create_time) VALUES (28, 3, 3, 28, '1970-01-01 00:00:00');
INSERT INTO hms.course_selection (id, course_id, teacher_id, student_id, create_time) VALUES (29, 3, 3, 29, '1970-01-01 00:00:00');
INSERT INTO hms.course_selection (id, course_id, teacher_id, student_id, create_time) VALUES (30, 3, 3, 30, '1970-01-01 00:00:00');

INSERT INTO hms.homework_status (id, title) VALUES (1, '未完成');
INSERT INTO hms.homework_status (id, title) VALUES (2, '待批改');
INSERT INTO hms.homework_status (id, title) VALUES (3, '已批改');